model,seq_length,out_length,rmse,mae,mape,r2,mse
ridge,90,30,0.014271205677647345,0.00983681813192347,1.214332273066314,0.9656489302383772,0.0002036673114937138
random_walk,90,30,0.017200638747750394,0.012063810868527279,1.4590739746711066,0.9500991336746499,0.0002958619733306122
svr,90,30,0.04453850850214654,0.039789346395362045,4.906370869773311,0.6654274744987446,0.0019836787395957796
gru,90,60,0.029920855739278072,0.019499651645215547,2.3754099478771233,0.852092813066115,0.0008952576081706896
random_walk,90,60,0.031751790227477344,0.021245220606465484,2.519537597110324,0.8334373237953727,0.0010081761826497258
