model,baseline,seq_length,out_length,improvement_percent,t_statistic,p_value,significant_at_001,win_rate_percent,cohens_d,n_players
svr,random_walk,90,30,-158.93520092660256,-12.494861826177353,9.121307173186953e-21,True,10.714285714285714,-1.3633011932493304,84
ridge,random_walk,90,30,17.030955146861498,1.9500319903832604,0.05454823363377093,False,58.333333333333336,0.21276593341706404,84
gru,random_walk,90,60,5.766397658469093,0.6085375812522024,0.544492827102673,False,47.61904761904762,0.0663968935550847,84
